{"cameraMode":{"drawMode":0,"name":"Shaded","section":"Shading Mode"},"sceneLighting":true,"audioPlay":false,"sceneViewState":{"m_AlwaysRefresh":false,"showFog":true,"showSkybox":true,"showFlares":true,"showImageEffects":true,"showParticleSystems":true,"showVisualEffectGraphs":true,"m_FxEnabled":true},"in2DMode":false,"pivot":{"x":0.2458733320236206,"y":1.7626371383666993,"z":-25.943462371826173},"rotation":{"x":-0.00014783807273488492,"y":0.9975056052207947,"z":-0.07044041901826859,"w":-0.002097058342769742},"size":6.060420036315918,"orthographic":true}